dt,AverageTemperature,AverageTemperatureUncertainty,City,Country,Latitude,Longitude
1743-11-01,6.068,1.737,أ…rhus,Denmark,57.05N,10.33E
1743-12-01,,,أ…rhus,Denmark,57.05N,10.33E
1744-01-01,,,أ…rhus,Denmark,57.05N,10.33E
1744-02-01,,,أ…rhus,Denmark,57.05N,10.33E
1744-03-01,,,أ…rhus,Denmark,57.05N,10.33E
1744-04-01,5.788,3.624,أ…rhus,Denmark,57.05N,10.33E
1744-05-01,10.644,1.283,أ…rhus,Denmark,57.05N,10.33E
1744-06-01,14.051,1.347,أ…rhus,Denmark,57.05N,10.33E
1744-07-01,16.082,1.396,أ…rhus,Denmark,57.05N,10.33E
1744-08-01,,,أ…rhus,Denmark,57.05N,10.33E
1744-09-01,12.781,1.454,أ…rhus,Denmark,57.05N,10.33E
1744-10-01,7.95,1.63,أ…rhus,Denmark,57.05N,10.33E
1744-11-01,4.639,1.302,أ…rhus,Denmark,57.05N,10.33E
1744-12-01,0.122,1.756,أ…rhus,Denmark,57.05N,10.33E
1745-01-01,-1.333,1.642,أ…rhus,Denmark,57.05N,10.33E
1745-02-01,-2.732,1.358,أ…rhus,Denmark,57.05N,10.33E
1745-03-01,0.129,1.088,أ…rhus,Denmark,57.05N,10.33E
1745-04-01,4.042,1.138,أ…rhus,Denmark,57.05N,10.33E
1745-05-01,,,أ…rhus,Denmark,57.05N,10.33E
1745-06-01,,,أ…rhus,Denmark,57.05N,10.33E
1745-07-01,,,أ…rhus,Denmark,57.05N,10.33E
1745-08-01,,,أ…rhus,Denmark,57.05N,10.33E
1745-09-01,,,أ…rhus,Denmark,57.05N,10.33E
1745-10-01,,,أ…rhus,Denmark,57.05N,10.33E
1745-11-01,,,أ…rhus,Denmark,57.05N,10.33E
1745-12-01,,,أ…rhus,Denmark,57.05N,10.33E
1746-01-01,,,أ…rhus,Denmark,57.05N,10.33E
1746-02-01,,,أ…rhus,Denmark,57.05N,10.33E
1746-03-01,,,أ…rhus,Denmark,57.05N,10.33E
1746-04-01,,,أ…rhus,Denmark,57.05N,10.33E
1746-05-01,,,أ…rhus,Denmark,57.05N,10.33E
1746-06-01,,,أ…rhus,Denmark,57.05N,10.33E
1746-07-01,,,أ…rhus,Denmark,57.05N,10.33E
1746-08-01,,,أ…rhus,Denmark,57.05N,10.33E
1746-09-01,,,أ…rhus,Denmark,57.05N,10.33E
1746-10-01,,,أ…rhus,Denmark,57.05N,10.33E
1746-11-01,,,أ…rhus,Denmark,57.05N,10.33E
1746-12-01,,,أ…rhus,Denmark,57.05N,10.33E
1747-01-01,,,أ…rhus,Denmark,57.05N,10.33E
1747-02-01,,,أ…rhus,Denmark,57.05N,10.33E
1747-03-01,,,أ…rhus,Denmark,57.05N,10.33E
1747-04-01,,,أ…rhus,Denmark,57.05N,10.33E
1747-05-01,,,أ…rhus,Denmark,57.05N,10.33E
1747-06-01,,,أ…rhus,Denmark,57.05N,10.33E
1747-07-01,,,أ…rhus,Denmark,57.05N,10.33E
1747-08-01,,,أ…rhus,Denmark,57.05N,10.33E
1747-09-01,,,أ…rhus,Denmark,57.05N,10.33E
1747-10-01,,,أ…rhus,Denmark,57.05N,10.33E
1747-11-01,,,أ…rhus,Denmark,57.05N,10.33E
1747-12-01,,,أ…rhus,Denmark,57.05N,10.33E
1748-01-01,,,أ…rhus,Denmark,57.05N,10.33E
1748-02-01,,,أ…rhus,Denmark,57.05N,10.33E
1748-03-01,,,أ…rhus,Denmark,57.05N,10.33E
1748-04-01,,,أ…rhus,Denmark,57.05N,10.33E
1748-05-01,,,أ…rhus,Denmark,57.05N,10.33E
1748-06-01,,,أ…rhus,Denmark,57.05N,10.33E
1748-07-01,,,أ…rhus,Denmark,57.05N,10.33E
1748-08-01,,,أ…rhus,Denmark,57.05N,10.33E
1748-09-01,,,أ…rhus,Denmark,57.05N,10.33E
1748-10-01,,,أ…rhus,Denmark,57.05N,10.33E
1748-11-01,,,أ…rhus,Denmark,57.05N,10.33E
1748-12-01,,,أ…rhus,Denmark,57.05N,10.33E
1749-01-01,,,أ…rhus,Denmark,57.05N,10.33E
1749-02-01,,,أ…rhus,Denmark,57.05N,10.33E
1749-03-01,,,أ…rhus,Denmark,57.05N,10.33E
1749-04-01,,,أ…rhus,Denmark,57.05N,10.33E
1749-05-01,,,أ…rhus,Denmark,57.05N,10.33E
1749-06-01,,,أ…rhus,Denmark,57.05N,10.33E
1749-07-01,,,أ…rhus,Denmark,57.05N,10.33E
1749-08-01,,,أ…rhus,Denmark,57.05N,10.33E
1749-09-01,,,أ…rhus,Denmark,57.05N,10.33E
1749-10-01,,,أ…rhus,Denmark,57.05N,10.33E
1749-11-01,,,أ…rhus,Denmark,57.05N,10.33E
1749-12-01,,,أ…rhus,Denmark,57.05N,10.33E
1750-01-01,1.699,1.013,أ…rhus,Denmark,57.05N,10.33E
1750-02-01,3.961,2.361,أ…rhus,Denmark,57.05N,10.33E
1750-03-01,5.182,3.48,أ…rhus,Denmark,57.05N,10.33E
1750-04-01,7.197,0.732,أ…rhus,Denmark,57.05N,10.33E
1750-05-01,10.634,1.351,أ…rhus,Denmark,57.05N,10.33E
1750-06-01,14.913,1.181,أ…rhus,Denmark,57.05N,10.33E
1750-07-01,17.831,1.22,أ…rhus,Denmark,57.05N,10.33E
1750-08-01,16.848,0.736,أ…rhus,Denmark,57.05N,10.33E
1750-09-01,13.143,1.021,أ…rhus,Denmark,57.05N,10.33E
1750-10-01,5.251,1.258,أ…rhus,Denmark,57.05N,10.33E
1750-11-01,,,أ…rhus,Denmark,57.05N,10.33E
1750-12-01,-0.678,1.808,أ…rhus,Denmark,57.05N,10.33E
1751-01-01,-0.623,1.7,أ…rhus,Denmark,57.05N,10.33E
1751-02-01,-3.764,2.329,أ…rhus,Denmark,57.05N,10.33E
1751-03-01,3.7,1.672,أ…rhus,Denmark,57.05N,10.33E
1751-04-01,5.267,0.85,أ…rhus,Denmark,57.05N,10.33E
1751-05-01,,,أ…rhus,Denmark,57.05N,10.33E
1751-06-01,14.429,1.579,أ…rhus,Denmark,57.05N,10.33E
1751-07-01,16.638,0.89,أ…rhus,Denmark,57.05N,10.33E
1751-08-01,16.547,0.728,أ…rhus,Denmark,57.05N,10.33E
1751-09-01,12.177,0.582,أ…rhus,Denmark,57.05N,10.33E
1751-10-01,,,أ…rhus,Denmark,57.05N,10.33E
1751-11-01,,,أ…rhus,Denmark,57.05N,10.33E
1751-12-01,,,أ…rhus,Denmark,57.05N,10.33E
1752-01-01,-0.781,2.622,أ…rhus,Denmark,57.05N,10.33E
1752-02-01,,,أ…rhus,Denmark,57.05N,10.33E
1752-03-01,3.05,1.695,أ…rhus,Denmark,57.05N,10.33E
1752-04-01,5.489,2.51,أ…rhus,Denmark,57.05N,10.33E
1752-05-01,,,أ…rhus,Denmark,57.05N,10.33E
1752-06-01,,,أ…rhus,Denmark,57.05N,10.33E
1752-07-01,,,أ…rhus,Denmark,57.05N,10.33E
1752-08-01,,,أ…rhus,Denmark,57.05N,10.33E
1752-09-01,,,أ…rhus,Denmark,57.05N,10.33E
1752-10-01,8.908,1.709,أ…rhus,Denmark,57.05N,10.33E
1752-11-01,5.637,0.921,أ…rhus,Denmark,57.05N,10.33E
1752-12-01,2.242,1.175,أ…rhus,Denmark,57.05N,10.33E
1753-01-01,-1.259,8.151,أ…rhus,Denmark,57.05N,10.33E
1753-02-01,-0.285,3.715,أ…rhus,Denmark,57.05N,10.33E
1753-03-01,4.21,3.695,أ…rhus,Denmark,57.05N,10.33E
1753-04-01,6.765,6.727,أ…rhus,Denmark,57.05N,10.33E
1753-05-01,10.65,2.308,أ…rhus,Denmark,57.05N,10.33E
1753-06-01,14.444,3.891,أ…rhus,Denmark,57.05N,10.33E
1753-07-01,16.293,2.619,أ…rhus,Denmark,57.05N,10.33E
1753-08-01,15.808,8.671,أ…rhus,Denmark,57.05N,10.33E
1753-09-01,13.226,1.602,أ…rhus,Denmark,57.05N,10.33E
1753-10-01,9.529,2.69,أ…rhus,Denmark,57.05N,10.33E
1753-11-01,2.871,3.616,أ…rhus,Denmark,57.05N,10.33E
1753-12-01,-3.228,5.421,أ…rhus,Denmark,57.05N,10.33E
1754-01-01,-0.566,2.065,أ…rhus,Denmark,57.05N,10.33E
1754-02-01,-0.943,4.59,أ…rhus,Denmark,57.05N,10.33E
1754-03-01,-0.645,4.091,أ…rhus,Denmark,57.05N,10.33E
1754-04-01,5.658,8.046,أ…rhus,Denmark,57.05N,10.33E
1754-05-01,12.266,3.395,أ…rhus,Denmark,57.05N,10.33E
1754-06-01,14.835,1.596,أ…rhus,Denmark,57.05N,10.33E
1754-07-01,15.04,3.327,أ…rhus,Denmark,57.05N,10.33E
1754-08-01,15.537,5.868,أ…rhus,Denmark,57.05N,10.33E
1754-09-01,12.023,4.118,أ…rhus,Denmark,57.05N,10.33E
1754-10-01,9.129,1.831,أ…rhus,Denmark,57.05N,10.33E
1754-11-01,4.141,2.133,أ…rhus,Denmark,57.05N,10.33E
1754-12-01,1.45,2.848,أ…rhus,Denmark,57.05N,10.33E
1755-01-01,-3.436,5.961,أ…rhus,Denmark,57.05N,10.33E
1755-02-01,-4.277,4.258,أ…rhus,Denmark,57.05N,10.33E
1755-03-01,0.356,5.25,أ…rhus,Denmark,57.05N,10.33E
1755-04-01,7.591,5.079,أ…rhus,Denmark,57.05N,10.33E
1755-05-01,10.978,2.551,أ…rhus,Denmark,57.05N,10.33E
1755-06-01,16.671,3.943,أ…rhus,Denmark,57.05N,10.33E
1755-07-01,17.572,2.255,أ…rhus,Denmark,57.05N,10.33E
1755-08-01,14.833,3.26,أ…rhus,Denmark,57.05N,10.33E
1755-09-01,11.725,1.047,أ…rhus,Denmark,57.05N,10.33E
1755-10-01,8.033,7.966,أ…rhus,Denmark,57.05N,10.33E
1755-11-01,3.284,8.889,أ…rhus,Denmark,57.05N,10.33E
1755-12-01,1.664,8.234,أ…rhus,Denmark,57.05N,10.33E
1756-01-01,2.011,6.563,أ…rhus,Denmark,57.05N,10.33E
1756-02-01,2.887,4.599,أ…rhus,Denmark,57.05N,10.33E
1756-03-01,2.684,7.896,أ…rhus,Denmark,57.05N,10.33E
1756-04-01,4.208,2.869,أ…rhus,Denmark,57.05N,10.33E
1756-05-01,9.351,5.898,أ…rhus,Denmark,57.05N,10.33E
1756-06-01,16.632,3.577,أ…rhus,Denmark,57.05N,10.33E
1756-07-01,18.103,2.502,أ…rhus,Denmark,57.05N,10.33E
1756-08-01,15.019,10.591,أ…rhus,Denmark,57.05N,10.33E
1756-09-01,13.473,3.869,أ…rhus,Denmark,57.05N,10.33E
1756-10-01,8.355,4.119,أ…rhus,Denmark,57.05N,10.33E
1756-11-01,1.251,5.456,أ…rhus,Denmark,57.05N,10.33E
1756-12-01,-0.652,2.805,أ…rhus,Denmark,57.05N,10.33E
1757-01-01,-2.442,3.497,أ…rhus,Denmark,57.05N,10.33E
1757-02-01,0.857,4.937,أ…rhus,Denmark,57.05N,10.33E
1757-03-01,1.727,4.201,أ…rhus,Denmark,57.05N,10.33E
1757-04-01,7.756,7.117,أ…rhus,Denmark,57.05N,10.33E
1757-05-01,10.081,4.089,أ…rhus,Denmark,57.05N,10.33E
1757-06-01,16.435,4.667,أ…rhus,Denmark,57.05N,10.33E
1757-07-01,20.179,7.554,أ…rhus,Denmark,57.05N,10.33E
1757-08-01,16.896,5.377,أ…rhus,Denmark,57.05N,10.33E
1757-09-01,12.893,9.281,أ…rhus,Denmark,57.05N,10.33E
1757-10-01,4.851,12.809,أ…rhus,Denmark,57.05N,10.33E
1757-11-01,5.123,6.157,أ…rhus,Denmark,57.05N,10.33E
1757-12-01,0.325,11.445,أ…rhus,Denmark,57.05N,10.33E
1758-01-01,-3.154,1.744,أ…rhus,Denmark,57.05N,10.33E
1758-02-01,-1.142,3.545,أ…rhus,Denmark,57.05N,10.33E
1758-03-01,1.188,4.982,أ…rhus,Denmark,57.05N,10.33E
1758-04-01,4.075,9.029,أ…rhus,Denmark,57.05N,10.33E
1758-05-01,12.793,6.694,أ…rhus,Denmark,57.05N,10.33E
1758-06-01,15.525,5.937,أ…rhus,Denmark,57.05N,10.33E
1758-07-01,15.706,9.589,أ…rhus,Denmark,57.05N,10.33E
1758-08-01,16.438,7.794,أ…rhus,Denmark,57.05N,10.33E
1758-09-01,11.267,3.687,أ…rhus,Denmark,57.05N,10.33E
1758-10-01,6.045,13.217,أ…rhus,Denmark,57.05N,10.33E
1758-11-01,4.106,10.942,أ…rhus,Denmark,57.05N,10.33E
1758-12-01,0.121,6.573,أ…rhus,Denmark,57.05N,10.33E
1759-01-01,2.671,7.513,أ…rhus,Denmark,57.05N,10.33E
1759-02-01,3.162,9.225,أ…rhus,Denmark,57.05N,10.33E
1759-03-01,3.402,3.972,أ…rhus,Denmark,57.05N,10.33E
1759-04-01,6.065,6.655,أ…rhus,Denmark,57.05N,10.33E
1759-05-01,9.503,3.857,أ…rhus,Denmark,57.05N,10.33E
1759-06-01,16.363,6.911,أ…rhus,Denmark,57.05N,10.33E
1759-07-01,18.645,5.303,أ…rhus,Denmark,57.05N,10.33E
1759-08-01,17.196,8.176,أ…rhus,Denmark,57.05N,10.33E
1759-09-01,12.299,7.154,أ…rhus,Denmark,57.05N,10.33E
1759-10-01,8.314,5.691,أ…rhus,Denmark,57.05N,10.33E
1759-11-01,1.885,7.407,أ…rhus,Denmark,57.05N,10.33E
1759-12-01,-2.658,11.807,أ…rhus,Denmark,57.05N,10.33E
1760-01-01,-4.787,5.421,أ…rhus,Denmark,57.05N,10.33E
1760-02-01,-0.386,3.901,أ…rhus,Denmark,57.05N,10.33E
1760-03-01,0.869,10.897,أ…rhus,Denmark,57.05N,10.33E
1760-04-01,5.651,7.83,أ…rhus,Denmark,57.05N,10.33E
1760-05-01,11.112,4.918,أ…rhus,Denmark,57.05N,10.33E
1760-06-01,16.334,3.109,أ…rhus,Denmark,57.05N,10.33E
1760-07-01,17.21,5.227,أ…rhus,Denmark,57.05N,10.33E
1760-08-01,16.194,9.474,أ…rhus,Denmark,57.05N,10.33E
1760-09-01,14.51,6.789,أ…rhus,Denmark,57.05N,10.33E
1760-10-01,7.273,5.739,أ…rhus,Denmark,57.05N,10.33E
1760-11-01,3.447,3.927,أ…rhus,Denmark,57.05N,10.33E
1760-12-01,1.733,2.991,أ…rhus,Denmark,57.05N,10.33E
1761-01-01,0.67,8.344,أ…rhus,Denmark,57.05N,10.33E
1761-02-01,1.186,4.471,أ…rhus,Denmark,57.05N,10.33E
1761-03-01,4.852,1.618,أ…rhus,Denmark,57.05N,10.33E
1761-04-01,6.53,4.78,أ…rhus,Denmark,57.05N,10.33E
1761-05-01,12.109,5.75,أ…rhus,Denmark,57.05N,10.33E
1761-06-01,17.162,2.962,أ…rhus,Denmark,57.05N,10.33E
1761-07-01,16.501,6.657,أ…rhus,Denmark,57.05N,10.33E
1761-08-01,17.794,4.187,أ…rhus,Denmark,57.05N,10.33E
1761-09-01,14.39,4.592,أ…rhus,Denmark,57.05N,10.33E
1761-10-01,5.43,6.193,أ…rhus,Denmark,57.05N,10.33E
1761-11-01,4.229,2.406,أ…rhus,Denmark,57.05N,10.33E
1761-12-01,-1.163,2.66,أ…rhus,Denmark,57.05N,10.33E
1762-01-01,1.639,3.181,أ…rhus,Denmark,57.05N,10.33E
1762-02-01,-0.308,9.353,أ…rhus,Denmark,57.05N,10.33E
1762-03-01,-0.896,5.649,أ…rhus,Denmark,57.05N,10.33E
1762-04-01,8.1,4.7,أ…rhus,Denmark,57.05N,10.33E
1762-05-01,11.219,7.922,أ…rhus,Denmark,57.05N,10.33E
1762-06-01,15.966,8.177,أ…rhus,Denmark,57.05N,10.33E
1762-07-01,16.334,3.654,أ…rhus,Denmark,57.05N,10.33E
1762-08-01,13.891,2.867,أ…rhus,Denmark,57.05N,10.33E
1762-09-01,12.166,10.03,أ…rhus,Denmark,57.05N,10.33E
1762-10-01,4.046,4.986,أ…rhus,Denmark,57.05N,10.33E
1762-11-01,3.598,2.567,أ…rhus,Denmark,57.05N,10.33E
1762-12-01,0.467,6.983,أ…rhus,Denmark,57.05N,10.33E
1763-01-01,-3.244,6.507,أ…rhus,Denmark,57.05N,10.33E
1763-02-01,0.663,5.289,أ…rhus,Denmark,57.05N,10.33E
1763-03-01,0.501,8.433,أ…rhus,Denmark,57.05N,10.33E
1763-04-01,4.349,2.153,أ…rhus,Denmark,57.05N,10.33E
1763-05-01,10.373,3.726,أ…rhus,Denmark,57.05N,10.33E
1763-06-01,14.92,7.266,أ…rhus,Denmark,57.05N,10.33E
1763-07-01,17.464,1.938,أ…rhus,Denmark,57.05N,10.33E
1763-08-01,16.296,3.936,أ…rhus,Denmark,57.05N,10.33E
1763-09-01,11.749,3.365,أ…rhus,Denmark,57.05N,10.33E
1763-10-01,7.252,7.466,أ…rhus,Denmark,57.05N,10.33E
1763-11-01,3.312,4.345,أ…rhus,Denmark,57.05N,10.33E
1763-12-01,1.644,2.487,أ…rhus,Denmark,57.05N,10.33E
1764-01-01,0.665,6.601,أ…rhus,Denmark,57.05N,10.33E
1764-02-01,2.878,3.738,أ…rhus,Denmark,57.05N,10.33E
1764-03-01,2.159,3.98,أ…rhus,Denmark,57.05N,10.33E
1764-04-01,5.715,5.413,أ…rhus,Denmark,57.05N,10.33E
1764-05-01,11.801,8.793,أ…rhus,Denmark,57.05N,10.33E
1764-06-01,12.989,3.806,أ…rhus,Denmark,57.05N,10.33E
1764-07-01,19.162,6.488,أ…rhus,Denmark,57.05N,10.33E
1764-08-01,15.503,1.674,أ…rhus,Denmark,57.05N,10.33E
1764-09-01,11.31,5.642,أ…rhus,Denmark,57.05N,10.33E
1764-10-01,7.11,3.21,أ…rhus,Denmark,57.05N,10.33E
1764-11-01,2.274,3.712,أ…rhus,Denmark,57.05N,10.33E
1764-12-01,-0.821,4.723,أ…rhus,Denmark,57.05N,10.33E
1765-01-01,-0.408,11.378,أ…rhus,Denmark,57.05N,10.33E
1765-02-01,-2.603,4.754,أ…rhus,Denmark,57.05N,10.33E
1765-03-01,3.12,3.209,أ…rhus,Denmark,57.05N,10.33E
1765-04-01,6.507,1.78,أ…rhus,Denmark,57.05N,10.33E
1765-05-01,9.659,2.222,أ…rhus,Denmark,57.05N,10.33E
1765-06-01,14.274,3.527,أ…rhus,Denmark,57.05N,10.33E
1765-07-01,15.238,4.165,أ…rhus,Denmark,57.05N,10.33E
1765-08-01,15.978,3.478,أ…rhus,Denmark,57.05N,10.33E
1765-09-01,11.537,1.84,أ…rhus,Denmark,57.05N,10.33E
1765-10-01,8.121,0.99,أ…rhus,Denmark,57.05N,10.33E
1765-11-01,3.927,4.388,أ…rhus,Denmark,57.05N,10.33E
1765-12-01,-0.16,2.65,أ…rhus,Denmark,57.05N,10.33E
1766-01-01,-1.21,7.792,أ…rhus,Denmark,57.05N,10.33E
1766-02-01,-1.532,5.141,أ…rhus,Denmark,57.05N,10.33E
1766-03-01,2.475,3.286,أ…rhus,Denmark,57.05N,10.33E
1766-04-01,8.199,4.165,أ…rhus,Denmark,57.05N,10.33E
1766-05-01,10.759,2.258,أ…rhus,Denmark,57.05N,10.33E
1766-06-01,16.351,8.468,أ…rhus,Denmark,57.05N,10.33E
1766-07-01,18.306,4.599,أ…rhus,Denmark,57.05N,10.33E
1766-08-01,16.391,3.837,أ…rhus,Denmark,57.05N,10.33E
1766-09-01,13.039,4.539,أ…rhus,Denmark,57.05N,10.33E
1766-10-01,7.81,2.153,أ…rhus,Denmark,57.05N,10.33E
1766-11-01,5.298,5.877,أ…rhus,Denmark,57.05N,10.33E
1766-12-01,-0.636,4.02,أ…rhus,Denmark,57.05N,10.33E
1767-01-01,-6.298,7.282,أ…rhus,Denmark,57.05N,10.33E
1767-02-01,0.07,9.127,أ…rhus,Denmark,57.05N,10.33E
1767-03-01,1.88,9.906,أ…rhus,Denmark,57.05N,10.33E
1767-04-01,3.744,7.757,أ…rhus,Denmark,57.05N,10.33E
1767-05-01,9.561,2.404,أ…rhus,Denmark,57.05N,10.33E
1767-06-01,13.458,4.51,أ…rhus,Denmark,57.05N,10.33E
1767-07-01,15.71,5.049,أ…rhus,Denmark,57.05N,10.33E
1767-08-01,17.182,2.823,أ…rhus,Denmark,57.05N,10.33E
1767-09-01,14.331,4.884,أ…rhus,Denmark,57.05N,10.33E
1767-10-01,8.001,2.998,أ…rhus,Denmark,57.05N,10.33E
1767-11-01,5.817,9.249,أ…rhus,Denmark,57.05N,10.33E
1767-12-01,-0.099,6.91,أ…rhus,Denmark,57.05N,10.33E
1768-01-01,-3.122,15.03,أ…rhus,Denmark,57.05N,10.33E
1768-02-01,-1.23,10.451,أ…rhus,Denmark,57.05N,10.33E
1768-03-01,-0.348,7.45,أ…rhus,Denmark,57.05N,10.33E
1768-04-01,5.101,4.329,أ…rhus,Denmark,57.05N,10.33E
1768-05-01,10.787,3.177,أ…rhus,Denmark,57.05N,10.33E
1768-06-01,15.179,5.496,أ…rhus,Denmark,57.05N,10.33E
1768-07-01,17.159,5.297,أ…rhus,Denmark,57.05N,10.33E
1768-08-01,16.384,1.756,أ…rhus,Denmark,57.05N,10.33E
1768-09-01,11.475,5.404,أ…rhus,Denmark,57.05N,10.33E
1768-10-01,6.684,5.9,أ…rhus,Denmark,57.05N,10.33E
1768-11-01,3.715,6.256,أ…rhus,Denmark,57.05N,10.33E
1768-12-01,2.568,8.088,أ…rhus,Denmark,57.05N,10.33E
1769-01-01,0.656,7.175,أ…rhus,Denmark,57.05N,10.33E
1769-02-01,-0.399,3.858,أ…rhus,Denmark,57.05N,10.33E
1769-03-01,2.583,6.409,أ…rhus,Denmark,57.05N,10.33E
1769-04-01,6.177,6.786,أ…rhus,Denmark,57.05N,10.33E
1769-05-01,10.598,10.197,أ…rhus,Denmark,57.05N,10.33E
1769-06-01,14.661,5.293,أ…rhus,Denmark,57.05N,10.33E
1769-07-01,16.722,6.26,أ…rhus,Denmark,57.05N,10.33E
1769-08-01,15.267,6.066,أ…rhus,Denmark,57.05N,10.33E
1769-09-01,12.947,1.253,أ…rhus,Denmark,57.05N,10.33E
1769-10-01,5.229,3.553,أ…rhus,Denmark,57.05N,10.33E
1769-11-01,2.61,1.639,أ…rhus,Denmark,57.05N,10.33E
1769-12-01,1.362,4.297,أ…rhus,Denmark,57.05N,10.33E
1770-01-01,-1.069,8.054,أ…rhus,Denmark,57.05N,10.33E
1770-02-01,1.045,4.691,أ…rhus,Denmark,57.05N,10.33E
1770-03-01,-3.143,5.763,أ…rhus,Denmark,57.05N,10.33E
1770-04-01,4.217,13.619,أ…rhus,Denmark,57.05N,10.33E
1770-05-01,11.125,1.804,أ…rhus,Denmark,57.05N,10.33E
1770-06-01,14.675,5.054,أ…rhus,Denmark,57.05N,10.33E
1770-07-01,17.425,9.008,أ…rhus,Denmark,57.05N,10.33E
1770-08-01,17.239,5.246,أ…rhus,Denmark,57.05N,10.33E
1770-09-01,14.573,3.997,أ…rhus,Denmark,57.05N,10.33E
1770-10-01,9.06,5.993,أ…rhus,Denmark,57.05N,10.33E
1770-11-01,1.934,7.614,أ…rhus,Denmark,57.05N,10.33E
1770-12-01,0.642,11.147,أ…rhus,Denmark,57.05N,10.33E
1771-01-01,-3.483,9.274,أ…rhus,Denmark,57.05N,10.33E
1771-02-01,-2.997,4.922,أ…rhus,Denmark,57.05N,10.33E
1771-03-01,-2.872,9.106,أ…rhus,Denmark,57.05N,10.33E
1771-04-01,2.484,8.211,أ…rhus,Denmark,57.05N,10.33E
1771-05-01,12.203,13.362,أ…rhus,Denmark,57.05N,10.33E
1771-06-01,16.824,3.62,أ…rhus,Denmark,57.05N,10.33E
1771-07-01,16.344,1.602,أ…rhus,Denmark,57.05N,10.33E
1771-08-01,14.488,3.165,أ…rhus,Denmark,57.05N,10.33E
1771-09-01,12.113,1.92,أ…rhus,Denmark,57.05N,10.33E
1771-10-01,8.178,1.482,أ…rhus,Denmark,57.05N,10.33E
1771-11-01,2.859,5.183,أ…rhus,Denmark,57.05N,10.33E
1771-12-01,2.664,4.851,أ…rhus,Denmark,57.05N,10.33E
1772-01-01,-1.882,9.673,أ…rhus,Denmark,57.05N,10.33E
1772-02-01,-2.959,11.414,أ…rhus,Denmark,57.05N,10.33E
1772-03-01,-0.867,4.887,أ…rhus,Denmark,57.05N,10.33E
1772-04-01,4.187,5.337,أ…rhus,Denmark,57.05N,10.33E
1772-05-01,8.914,1.879,أ…rhus,Denmark,57.05N,10.33E
1772-06-01,15.192,6.075,أ…rhus,Denmark,57.05N,10.33E
1772-07-01,16.668,3.95,أ…rhus,Denmark,57.05N,10.33E
1772-08-01,16.076,5.365,أ…rhus,Denmark,57.05N,10.33E
1772-09-01,12.777,3.832,أ…rhus,Denmark,57.05N,10.33E
1772-10-01,10.108,2.697,أ…rhus,Denmark,57.05N,10.33E
1772-11-01,6.229,6.467,أ…rhus,Denmark,57.05N,10.33E
1772-12-01,2.422,4.475,أ…rhus,Denmark,57.05N,10.33E
1773-01-01,1.117,2.642,أ…rhus,Denmark,57.05N,10.33E
1773-02-01,-0.646,3.621,أ…rhus,Denmark,57.05N,10.33E
1773-03-01,2.289,2.368,أ…rhus,Denmark,57.05N,10.33E
1773-04-01,6.826,3.82,أ…rhus,Denmark,57.05N,10.33E
1773-05-01,12.296,4.072,أ…rhus,Denmark,57.05N,10.33E
1773-06-01,14.757,1.616,أ…rhus,Denmark,57.05N,10.33E
1773-07-01,17.247,2.816,أ…rhus,Denmark,57.05N,10.33E
1773-08-01,17.4,2.292,أ…rhus,Denmark,57.05N,10.33E
1773-09-01,13.501,2.286,أ…rhus,Denmark,57.05N,10.33E
1773-10-01,9.693,1.736,أ…rhus,Denmark,57.05N,10.33E
1773-11-01,4.472,7.856,أ…rhus,Denmark,57.05N,10.33E
1773-12-01,1.644,6.646,أ…rhus,Denmark,57.05N,10.33E
1774-01-01,-4.601,9.985,أ…rhus,Denmark,57.05N,10.33E
1774-02-01,-0.083,8.664,أ…rhus,Denmark,57.05N,10.33E
1774-03-01,2.11,2.97,أ…rhus,Denmark,57.05N,10.33E
1774-04-01,6.487,6.052,أ…rhus,Denmark,57.05N,10.33E
1774-05-01,11.594,2.642,أ…rhus,Denmark,57.05N,10.33E
1774-06-01,16.123,8.789,أ…rhus,Denmark,57.05N,10.33E
1774-07-01,17.003,8.338,أ…rhus,Denmark,57.05N,10.33E
1774-08-01,16.013,3.615,أ…rhus,Denmark,57.05N,10.33E
1774-09-01,11.974,3.995,أ…rhus,Denmark,57.05N,10.33E
1774-10-01,8.16,5.247,أ…rhus,Denmark,57.05N,10.33E
1774-11-01,-1.291,8.585,أ…rhus,Denmark,57.05N,10.33E
1774-12-01,-1.187,6.163,أ…rhus,Denmark,57.05N,10.33E
1775-01-01,-0.983,5.723,أ…rhus,Denmark,57.05N,10.33E
1775-02-01,1.941,5.509,أ…rhus,Denmark,57.05N,10.33E
1775-03-01,2.908,2.208,أ…rhus,Denmark,57.05N,10.33E
1775-04-01,5.966,1.49,أ…rhus,Denmark,57.05N,10.33E
1775-05-01,11.273,3.906,أ…rhus,Denmark,57.05N,10.33E
1775-06-01,17.367,6.17,أ…rhus,Denmark,57.05N,10.33E
1775-07-01,18.487,1.81,أ…rhus,Denmark,57.05N,10.33E
1775-08-01,18.013,2.011,أ…rhus,Denmark,57.05N,10.33E
1775-09-01,15.632,3.61,أ…rhus,Denmark,57.05N,10.33E
1775-10-01,9.318,2.858,أ…rhus,Denmark,57.05N,10.33E
1775-11-01,1.778,6.268,أ…rhus,Denmark,57.05N,10.33E
1775-12-01,2.153,2.355,أ…rhus,Denmark,57.05N,10.33E
1776-01-01,-6.918,7.193,أ…rhus,Denmark,57.05N,10.33E
1776-02-01,0.788,4.387,أ…rhus,Denmark,57.05N,10.33E
1776-03-01,2.434,3.396,أ…rhus,Denmark,57.05N,10.33E
1776-04-01,5.912,1.415,أ…rhus,Denmark,57.05N,10.33E
1776-05-01,9.422,4.467,أ…rhus,Denmark,57.05N,10.33E
1776-06-01,16.291,3.719,أ…rhus,Denmark,57.05N,10.33E
1776-07-01,18.799,3.542,أ…rhus,Denmark,57.05N,10.33E
1776-08-01,16.971,5.303,أ…rhus,Denmark,57.05N,10.33E
1776-09-01,13.035,3.698,أ…rhus,Denmark,57.05N,10.33E
1776-10-01,8.695,3.706,أ…rhus,Denmark,57.05N,10.33E
1776-11-01,4.226,7.459,أ…rhus,Denmark,57.05N,10.33E
1776-12-01,1.23,3.956,أ…rhus,Denmark,57.05N,10.33E
1777-01-01,-1.945,5.076,أ…rhus,Denmark,57.05N,10.33E
1777-02-01,-2.423,5.383,أ…rhus,Denmark,57.05N,10.33E
1777-03-01,0.782,2.296,أ…rhus,Denmark,57.05N,10.33E
1777-04-01,4.323,2.179,أ…rhus,Denmark,57.05N,10.33E
1777-05-01,11.903,3.951,أ…rhus,Denmark,57.05N,10.33E
1777-06-01,14.448,3.336,أ…rhus,Denmark,57.05N,10.33E
1777-07-01,15.922,2.161,أ…rhus,Denmark,57.05N,10.33E
1777-08-01,16.468,2.116,أ…rhus,Denmark,57.05N,10.33E
1777-09-01,12.338,5.283,أ…rhus,Denmark,57.05N,10.33E
1777-10-01,7.844,5.787,أ…rhus,Denmark,57.05N,10.33E
1777-11-01,5.214,2.171,أ…rhus,Denmark,57.05N,10.33E
1777-12-01,0.994,2.02,أ…rhus,Denmark,57.05N,10.33E
1778-01-01,-1.863,3.067,أ…rhus,Denmark,57.05N,10.33E
1778-02-01,-0.922,4.9,أ…rhus,Denmark,57.05N,10.33E
1778-03-01,1.377,4.614,أ…rhus,Denmark,57.05N,10.33E
1778-04-01,6.972,1.661,أ…rhus,Denmark,57.05N,10.33E
1778-05-01,12.309,3.239,أ…rhus,Denmark,57.05N,10.33E
1778-06-01,15.9,6.654,أ…rhus,Denmark,57.05N,10.33E
1778-07-01,18.695,1.68,أ…rhus,Denmark,57.05N,10.33E
1778-08-01,16.902,4.144,أ…rhus,Denmark,57.05N,10.33E
1778-09-01,11.777,1.744,أ…rhus,Denmark,57.05N,10.33E
1778-10-01,4.694,7.619,أ…rhus,Denmark,57.05N,10.33E
1778-11-01,4.296,4.907,أ…rhus,Denmark,57.05N,10.33E
1778-12-01,3.746,3.656,أ…rhus,Denmark,57.05N,10.33E
1779-01-01,-0.235,3.904,أ…rhus,Denmark,57.05N,10.33E
1779-02-01,4.785,9.18,أ…rhus,Denmark,57.05N,10.33E
1779-03-01,5.427,5.023,أ…rhus,Denmark,57.05N,10.33E
1779-04-01,8.104,4.082,أ…rhus,Denmark,57.05N,10.33E
1779-05-01,12.093,2.22,أ…rhus,Denmark,57.05N,10.33E
1779-06-01,14.922,4.376,أ…rhus,Denmark,57.05N,10.33E
1779-07-01,17.891,2.601,أ…rhus,Denmark,57.05N,10.33E
1779-08-01,19.289,4.179,أ…rhus,Denmark,57.05N,10.33E
1779-09-01,14.782,2.564,أ…rhus,Denmark,57.05N,10.33E
1779-10-01,10.599,4.244,أ…rhus,Denmark,57.05N,10.33E
1779-11-01,4.231,2.76,أ…rhus,Denmark,57.05N,10.33E
1779-12-01,0.197,10.68,أ…rhus,Denmark,57.05N,10.33E
1780-01-01,-3.069,5.885,أ…rhus,Denmark,57.05N,10.33E
1780-02-01,-1.354,3.594,أ…rhus,Denmark,57.05N,10.33E
1780-03-01,4.72,1.451,أ…rhus,Denmark,57.05N,10.33E
1780-04-01,5.386,3.26,أ…rhus,Denmark,57.05N,10.33E
1780-05-01,11.492,2.783,أ…rhus,Denmark,57.05N,10.33E
1780-06-01,14.213,5.844,أ…rhus,Denmark,57.05N,10.33E
1780-07-01,17.245,2.711,أ…rhus,Denmark,57.05N,10.33E
1780-08-01,17.99,4.983,أ…rhus,Denmark,57.05N,10.33E
1780-09-01,13.051,4.289,أ…rhus,Denmark,57.05N,10.33E
1780-10-01,8.931,2.768,أ…rhus,Denmark,57.05N,10.33E
1780-11-01,2.106,3.062,أ…rhus,Denmark,57.05N,10.33E
1780-12-01,-0.09,2.772,أ…rhus,Denmark,57.05N,10.33E
1781-01-01,-1.272,8.667,أ…rhus,Denmark,57.05N,10.33E
1781-02-01,0.197,12.227,أ…rhus,Denmark,57.05N,10.33E
1781-03-01,3.699,1.435,أ…rhus,Denmark,57.05N,10.33E
1781-04-01,7.094,3.118,أ…rhus,Denmark,57.05N,10.33E
1781-05-01,11.1,3.615,أ…rhus,Denmark,57.05N,10.33E
1781-06-01,17.548,1.749,أ…rhus,Denmark,57.05N,10.33E
1781-07-01,17.942,3.955,أ…rhus,Denmark,57.05N,10.33E
1781-08-01,18.874,1.123,أ…rhus,Denmark,57.05N,10.33E
1781-09-01,15.195,6.941,أ…rhus,Denmark,57.05N,10.33E
1781-10-01,7.873,0.969,أ…rhus,Denmark,57.05N,10.33E
1781-11-01,4.508,2.663,أ…rhus,Denmark,57.05N,10.33E
1781-12-01,-0.411,7.719,أ…rhus,Denmark,57.05N,10.33E
1782-01-01,0.937,4.508,أ…rhus,Denmark,57.05N,10.33E
1782-02-01,-1.641,9.692,أ…rhus,Denmark,57.05N,10.33E
1782-03-01,-0.383,2.529,أ…rhus,Denmark,57.05N,10.33E
1782-04-01,4.148,5.21,أ…rhus,Denmark,57.05N,10.33E
1782-05-01,9.212,4.537,أ…rhus,Denmark,57.05N,10.33E
1782-06-01,15.107,3.787,أ…rhus,Denmark,57.05N,10.33E
1782-07-01,16.601,5.668,أ…rhus,Denmark,57.05N,10.33E
1782-08-01,16.008,3.442,أ…rhus,Denmark,57.05N,10.33E
1782-09-01,13.538,3.946,أ…rhus,Denmark,57.05N,10.33E
1782-10-01,6.027,4.852,أ…rhus,Denmark,57.05N,10.33E
1782-11-01,1.045,9.914,أ…rhus,Denmark,57.05N,10.33E
1782-12-01,0.419,6.707,أ…rhus,Denmark,57.05N,10.33E
1783-01-01,-1,10.542,أ…rhus,Denmark,57.05N,10.33E
1783-02-01,1.384,5.265,أ…rhus,Denmark,57.05N,10.33E
1783-03-01,0.034,3.294,أ…rhus,Denmark,57.05N,10.33E
1783-04-01,7.743,2.337,أ…rhus,Denmark,57.05N,10.33E
1783-05-01,12.143,6.358,أ…rhus,Denmark,57.05N,10.33E
1783-06-01,16.75,2.692,أ…rhus,Denmark,57.05N,10.33E
1783-07-01,19.803,2.585,أ…rhus,Denmark,57.05N,10.33E
1783-08-01,17.015,2.313,أ…rhus,Denmark,57.05N,10.33E
1783-09-01,14.339,4.867,أ…rhus,Denmark,57.05N,10.33E
1783-10-01,9.291,5.299,أ…rhus,Denmark,57.05N,10.33E
1783-11-01,3.58,3.382,أ…rhus,Denmark,57.05N,10.33E
1783-12-01,-0.868,4.31,أ…rhus,Denmark,57.05N,10.33E
1784-01-01,-4.596,12.055,أ…rhus,Denmark,57.05N,10.33E
1784-02-01,-2.132,9.633,أ…rhus,Denmark,57.05N,10.33E
1784-03-01,-2.915,5.998,أ…rhus,Denmark,57.05N,10.33E
1784-04-01,3.449,9.076,أ…rhus,Denmark,57.05N,10.33E
1784-05-01,11.536,2.89,أ…rhus,Denmark,57.05N,10.33E
1784-06-01,14.818,2.824,أ…rhus,Denmark,57.05N,10.33E
1784-07-01,16.1,5.705,أ…rhus,Denmark,57.05N,10.33E
1784-08-01,15.206,8.111,أ…rhus,Denmark,57.05N,10.33E
1784-09-01,12.756,6.218,أ…rhus,Denmark,57.05N,10.33E
1784-10-01,6.455,5.837,أ…rhus,Denmark,57.05N,10.33E
1784-11-01,4.407,3.149,أ…rhus,Denmark,57.05N,10.33E
1784-12-01,-1.451,3.357,أ…rhus,Denmark,57.05N,10.33E
1785-01-01,-1.187,4.889,أ…rhus,Denmark,57.05N,10.33E
1785-02-01,-3.429,6.838,أ…rhus,Denmark,57.05N,10.33E
1785-03-01,-2.648,4.839,أ…rhus,Denmark,57.05N,10.33E
1785-04-01,4.388,4.287,أ…rhus,Denmark,57.05N,10.33E
1785-05-01,9.315,5.295,أ…rhus,Denmark,57.05N,10.33E
1/1/1972,3.364,0.423,أ‡orlu,Turkey,40.99N,27.69E
2/1/1972,4.008,0.202,أ‡orlu,Turkey,40.99N,27.69E
3/1/1972,7.013,0.249,أ‡orlu,Turkey,40.99N,27.69E
4/1/1972,13.893,0.26,أ‡orlu,Turkey,40.99N,27.69E
5/1/1972,16.567,0.107,أ‡orlu,Turkey,40.99N,27.69E
6/1/1972,21.516,0.217,أ‡orlu,Turkey,40.99N,27.69E
7/1/1972,23.354,0.34,أ‡orlu,Turkey,40.99N,27.69E
8/1/1972,23.293,0.259,أ‡orlu,Turkey,40.99N,27.69E
9/1/1972,18.974,0.173,أ‡orlu,Turkey,40.99N,27.69E
10/1/1972,13.455,0.217,أ‡orlu,Turkey,40.99N,27.69E
11/1/1972,10.769,0.227,أ‡orlu,Turkey,40.99N,27.69E
12/1/1972,5.326,0.326,أ‡orlu,Turkey,40.99N,27.69E
1/1/1973,3.103,0.283,أ‡orlu,Turkey,40.99N,27.69E
2/1/1973,7.035,0.229,أ‡orlu,Turkey,40.99N,27.69E
3/1/1973,5.502,0.344,أ‡orlu,Turkey,40.99N,27.69E
4/1/1973,11.432,0.229,أ‡orlu,Turkey,40.99N,27.69E
5/1/1973,16.874,0.262,أ‡orlu,Turkey,40.99N,27.69E
6/1/1973,19.171,0.217,أ‡orlu,Turkey,40.99N,27.69E
7/1/1973,23.013,0.241,أ‡orlu,Turkey,40.99N,27.69E
8/1/1973,21.422,0.328,أ‡orlu,Turkey,40.99N,27.69E
9/1/1973,19.966,0.215,أ‡orlu,Turkey,40.99N,27.69E
10/1/1973,15.474,0.371,أ‡orlu,Turkey,40.99N,27.69E
11/1/1973,8.62,0.245,أ‡orlu,Turkey,40.99N,27.69E
12/1/1973,6.944,0.277,أ‡orlu,Turkey,40.99N,27.69E
1/1/1974,2.074,0.385,أ‡orlu,Turkey,40.99N,27.69E
2/1/1974,5.989,0.294,أ‡orlu,Turkey,40.99N,27.69E
3/1/1974,6.782,0.229,أ‡orlu,Turkey,40.99N,27.69E
4/1/1974,9.814,0.187,أ‡orlu,Turkey,40.99N,27.69E
5/1/1974,15.707,0.267,أ‡orlu,Turkey,40.99N,27.69E
6/1/1974,20.069,0.201,أ‡orlu,Turkey,40.99N,27.69E
7/1/1974,21.935,0.293,أ‡orlu,Turkey,40.99N,27.69E
8/1/1974,22.273,0.316,أ‡orlu,Turkey,40.99N,27.69E
9/1/1974,19.775,0.223,أ‡orlu,Turkey,40.99N,27.69E
10/1/1974,17.911,0.18,أ‡orlu,Turkey,40.99N,27.69E
11/1/1974,10.273,0.402,أ‡orlu,Turkey,40.99N,27.69E
12/1/1974,6.094,0.541,أ‡orlu,Turkey,40.99N,27.69E
1/1/1975,4.521,0.319,أ‡orlu,Turkey,40.99N,27.69E
2/1/1975,3.6,0.284,أ‡orlu,Turkey,40.99N,27.69E
3/1/1975,9.964,0.14,أ‡orlu,Turkey,40.99N,27.69E
4/1/1975,13.145,0.195,أ‡orlu,Turkey,40.99N,27.69E
5/1/1975,16.672,0.204,أ‡orlu,Turkey,40.99N,27.69E
6/1/1975,20.614,0.227,أ‡orlu,Turkey,40.99N,27.69E
7/1/1975,23.053,0.321,أ‡orlu,Turkey,40.99N,27.69E
8/1/1975,22.173,0.51,أ‡orlu,Turkey,40.99N,27.69E
9/1/1975,20.75,0.353,أ‡orlu,Turkey,40.99N,27.69E
10/1/1975,14.683,0.271,أ‡orlu,Turkey,40.99N,27.69E
11/1/1975,9.293,0.224,أ‡orlu,Turkey,40.99N,27.69E
12/1/1975,4.973,0.374,أ‡orlu,Turkey,40.99N,27.69E
1/1/1976,4.715,0.407,أ‡orlu,Turkey,40.99N,27.69E
2/1/1976,2.522,0.202,أ‡orlu,Turkey,40.99N,27.69E
3/1/1976,5.408,0.282,أ‡orlu,Turkey,40.99N,27.69E
4/1/1976,11.594,0.258,أ‡orlu,Turkey,40.99N,27.69E
5/1/1976,15.348,0.484,أ‡orlu,Turkey,40.99N,27.69E
6/1/1976,19.153,0.301,أ‡orlu,Turkey,40.99N,27.69E
7/1/1976,21.904,0.255,أ‡orlu,Turkey,40.99N,27.69E
8/1/1976,19.674,0.219,أ‡orlu,Turkey,40.99N,27.69E
9/1/1976,18.273,0.283,أ‡orlu,Turkey,40.99N,27.69E
10/1/1976,14.888,0.447,أ‡orlu,Turkey,40.99N,27.69E
11/1/1976,11.482,0.163,أ‡orlu,Turkey,40.99N,27.69E
12/1/1976,6.376,0.347,أ‡orlu,Turkey,40.99N,27.69E
1/1/1977,4.922,0.277,أ‡orlu,Turkey,40.99N,27.69E
2/1/1977,9.844,0.258,أ‡orlu,Turkey,40.99N,27.69E
3/1/1977,7.644,0.274,أ‡orlu,Turkey,40.99N,27.69E
4/1/1977,11.335,0.261,أ‡orlu,Turkey,40.99N,27.69E
5/1/1977,16.565,0.2,أ‡orlu,Turkey,40.99N,27.69E
6/1/1977,20.405,0.29,أ‡orlu,Turkey,40.99N,27.69E
7/1/1977,22.805,0.309,أ‡orlu,Turkey,40.99N,27.69E
8/1/1977,23.288,0.301,أ‡orlu,Turkey,40.99N,27.69E
9/1/1977,18.736,0.233,أ‡orlu,Turkey,40.99N,27.69E
10/1/1977,12.471,0.375,أ‡orlu,Turkey,40.99N,27.69E
11/1/1977,12.687,0.144,أ‡orlu,Turkey,40.99N,27.69E
12/1/1977,4.867,0.233,أ‡orlu,Turkey,40.99N,27.69E
1/1/1978,4.425,0.299,أ‡orlu,Turkey,40.99N,27.69E
2/1/1978,7.016,0.156,أ‡orlu,Turkey,40.99N,27.69E
3/1/1978,8.423,0.232,أ‡orlu,Turkey,40.99N,27.69E
4/1/1978,11.294,0.243,أ‡orlu,Turkey,40.99N,27.69E
5/1/1978,16.338,0.164,أ‡orlu,Turkey,40.99N,27.69E
6/1/1978,20.534,0.184,أ‡orlu,Turkey,40.99N,27.69E
7/1/1978,22.367,0.232,أ‡orlu,Turkey,40.99N,27.69E
8/1/1978,21.411,0.337,أ‡orlu,Turkey,40.99N,27.69E
9/1/1978,17.971,0.226,أ‡orlu,Turkey,40.99N,27.69E
10/1/1978,14.748,0.158,أ‡orlu,Turkey,40.99N,27.69E
11/1/1978,9.153,0.256,أ‡orlu,Turkey,40.99N,27.69E
12/1/1978,7.466,0.385,أ‡orlu,Turkey,40.99N,27.69E
1/1/1979,5.187,0.298,أ‡orlu,Turkey,40.99N,27.69E
2/1/1979,6.321,0.299,أ‡orlu,Turkey,40.99N,27.69E
3/1/1979,9.925,0.231,أ‡orlu,Turkey,40.99N,27.69E
4/1/1979,11.165,0.298,أ‡orlu,Turkey,40.99N,27.69E
5/1/1979,16.761,0.367,أ‡orlu,Turkey,40.99N,27.69E
6/1/1979,21.797,0.158,أ‡orlu,Turkey,40.99N,27.69E
7/1/1979,21.78,0.274,أ‡orlu,Turkey,40.99N,27.69E
8/1/1979,22.598,0.268,أ‡orlu,Turkey,40.99N,27.69E
9/1/1979,19.734,0.279,أ‡orlu,Turkey,40.99N,27.69E
10/1/1979,14.117,0.157,أ‡orlu,Turkey,40.99N,27.69E
11/1/1979,11.212,0.199,أ‡orlu,Turkey,40.99N,27.69E
12/1/1979,7.747,0.24,أ‡orlu,Turkey,40.99N,27.69E
1/1/1980,2.735,0.153,أ‡orlu,Turkey,40.99N,27.69E
2/1/1980,3.569,0.121,أ‡orlu,Turkey,40.99N,27.69E
3/1/1980,6.001,0.178,أ‡orlu,Turkey,40.99N,27.69E
4/1/1980,10.589,0.225,أ‡orlu,Turkey,40.99N,27.69E
5/1/1980,15.718,0.246,أ‡orlu,Turkey,40.99N,27.69E
6/1/1980,19.849,0.34,أ‡orlu,Turkey,40.99N,27.69E
7/1/1980,22.64,0.345,أ‡orlu,Turkey,40.99N,27.69E
8/1/1980,22.146,0.261,أ‡orlu,Turkey,40.99N,27.69E
9/1/1980,18.142,0.263,أ‡orlu,Turkey,40.99N,27.69E
10/1/1980,16.73,0.301,أ‡orlu,Turkey,40.99N,27.69E
11/1/1980,12.188,0.127,أ‡orlu,Turkey,40.99N,27.69E
12/1/1980,7.751,0.254,أ‡orlu,Turkey,40.99N,27.69E
1/1/1981,3.591,0.339,أ‡orlu,Turkey,40.99N,27.69E
2/1/1981,4.607,0.214,أ‡orlu,Turkey,40.99N,27.69E
3/1/1981,8.945,0.102,أ‡orlu,Turkey,40.99N,27.69E
4/1/1981,11.398,0.286,أ‡orlu,Turkey,40.99N,27.69E
5/1/1981,14.369,0.21,أ‡orlu,Turkey,40.99N,27.69E
6/1/1981,21.856,0.306,أ‡orlu,Turkey,40.99N,27.69E
7/1/1981,22.027,0.361,أ‡orlu,Turkey,40.99N,27.69E
8/1/1981,22.22,0.207,أ‡orlu,Turkey,40.99N,27.69E
9/1/1981,19.728,0.168,أ‡orlu,Turkey,40.99N,27.69E
10/1/1981,17.145,0.317,أ‡orlu,Turkey,40.99N,27.69E
11/1/1981,8.495,0.118,أ‡orlu,Turkey,40.99N,27.69E
12/1/1981,9.504,0.164,أ‡orlu,Turkey,40.99N,27.69E
1/1/1982,4.563,0.169,أ‡orlu,Turkey,40.99N,27.69E
2/1/1982,3.328,0.239,أ‡orlu,Turkey,40.99N,27.69E
3/1/1982,6.264,0.174,أ‡orlu,Turkey,40.99N,27.69E
4/1/1982,10.292,0.249,أ‡orlu,Turkey,40.99N,27.69E
5/1/1982,15.511,0.277,أ‡orlu,Turkey,40.99N,27.69E
6/1/1982,20.803,0.225,أ‡orlu,Turkey,40.99N,27.69E
7/1/1982,21.499,0.308,أ‡orlu,Turkey,40.99N,27.69E
8/1/1982,22.305,0.142,أ‡orlu,Turkey,40.99N,27.69E
9/1/1982,21.183,0.278,أ‡orlu,Turkey,40.99N,27.69E
10/1/1982,15.894,0.3,أ‡orlu,Turkey,40.99N,27.69E
11/1/1982,9.907,0.429,أ‡orlu,Turkey,40.99N,27.69E
12/1/1982,8.838,0.381,أ‡orlu,Turkey,40.99N,27.69E
1/1/1983,4.701,0.523,أ‡orlu,Turkey,40.99N,27.69E
2/1/1983,4.532,0.355,أ‡orlu,Turkey,40.99N,27.69E
3/1/1983,8.044,0.21,أ‡orlu,Turkey,40.99N,27.69E
4/1/1983,13.175,0.138,أ‡orlu,Turkey,40.99N,27.69E
5/1/1983,17.774,0.303,أ‡orlu,Turkey,40.99N,27.69E
6/1/1983,19.155,0.375,أ‡orlu,Turkey,40.99N,27.69E
7/1/1983,23.08,0.229,أ‡orlu,Turkey,40.99N,27.69E
8/1/1983,21.409,0.201,أ‡orlu,Turkey,40.99N,27.69E
9/1/1983,19.389,0.213,أ‡orlu,Turkey,40.99N,27.69E
10/1/1983,13.481,0.288,أ‡orlu,Turkey,40.99N,27.69E
11/1/1983,8.831,0.267,أ‡orlu,Turkey,40.99N,27.69E
12/1/1983,7.363,0.249,أ‡orlu,Turkey,40.99N,27.69E
1/1/1984,6.65,0.263,أ‡orlu,Turkey,40.99N,27.69E
2/1/1984,5.348,0.22,أ‡orlu,Turkey,40.99N,27.69E
3/1/1984,6.391,0.242,أ‡orlu,Turkey,40.99N,27.69E
4/1/1984,9.583,0.12,أ‡orlu,Turkey,40.99N,27.69E
5/1/1984,17.464,0.194,أ‡orlu,Turkey,40.99N,27.69E
6/1/1984,19.812,0.136,أ‡orlu,Turkey,40.99N,27.69E
7/1/1984,21.514,0.371,أ‡orlu,Turkey,40.99N,27.69E
8/1/1984,20.916,0.19,أ‡orlu,Turkey,40.99N,27.69E
9/1/1984,20.947,0.222,أ‡orlu,Turkey,40.99N,27.69E
10/1/1984,17.059,0.509,أ‡orlu,Turkey,40.99N,27.69E
11/1/1984,11.199,0.328,أ‡orlu,Turkey,40.99N,27.69E
12/1/1984,6.127,0.568,أ‡orlu,Turkey,40.99N,27.69E
1/1/1985,5.746,0.244,أ‡orlu,Turkey,40.99N,27.69E
2/1/1985,1.263,0.422,أ‡orlu,Turkey,40.99N,27.69E
3/1/1985,5.807,0.244,أ‡orlu,Turkey,40.99N,27.69E
4/1/1985,12.924,0.271,أ‡orlu,Turkey,40.99N,27.69E
5/1/1985,18.096,0.259,أ‡orlu,Turkey,40.99N,27.69E
6/1/1985,20.046,0.304,أ‡orlu,Turkey,40.99N,27.69E
7/1/1985,21.527,0.353,أ‡orlu,Turkey,40.99N,27.69E
8/1/1985,23.44,0.296,أ‡orlu,Turkey,40.99N,27.69E
9/1/1985,19.122,0.255,أ‡orlu,Turkey,40.99N,27.69E
10/1/1985,12.623,0.294,أ‡orlu,Turkey,40.99N,27.69E
11/1/1985,11.869,0.149,أ‡orlu,Turkey,40.99N,27.69E
12/1/1985,8.41,0.352,أ‡orlu,Turkey,40.99N,27.69E
1/1/1986,7.066,0.184,أ‡orlu,Turkey,40.99N,27.69E
2/1/1986,5.562,0.364,أ‡orlu,Turkey,40.99N,27.69E
3/1/1986,6.389,0.281,أ‡orlu,Turkey,40.99N,27.69E
4/1/1986,13.351,0.23,أ‡orlu,Turkey,40.99N,27.69E
5/1/1986,15.368,0.406,أ‡orlu,Turkey,40.99N,27.69E
6/1/1986,21.206,0.424,أ‡orlu,Turkey,40.99N,27.69E
7/1/1986,22.657,0.454,أ‡orlu,Turkey,40.99N,27.69E
8/1/1986,24.184,0.49,أ‡orlu,Turkey,40.99N,27.69E
9/1/1986,20.225,0.445,أ‡orlu,Turkey,40.99N,27.69E
10/1/1986,13.98,0.241,أ‡orlu,Turkey,40.99N,27.69E
11/1/1986,7.986,0.252,أ‡orlu,Turkey,40.99N,27.69E
12/1/1986,4.932,0.416,أ‡orlu,Turkey,40.99N,27.69E
1/1/1987,4.272,0.339,أ‡orlu,Turkey,40.99N,27.69E
2/1/1987,6.025,0.25,أ‡orlu,Turkey,40.99N,27.69E
3/1/1987,3.087,0.185,أ‡orlu,Turkey,40.99N,27.69E
4/1/1987,9.779,0.249,أ‡orlu,Turkey,40.99N,27.69E
5/1/1987,15.092,0.283,أ‡orlu,Turkey,40.99N,27.69E
6/1/1987,20.568,0.234,أ‡orlu,Turkey,40.99N,27.69E
7/1/1987,23.785,0.334,أ‡orlu,Turkey,40.99N,27.69E
8/1/1987,21.636,0.442,أ‡orlu,Turkey,40.99N,27.69E
9/1/1987,20.596,0.302,أ‡orlu,Turkey,40.99N,27.69E
10/1/1987,13.315,0.335,أ‡orlu,Turkey,40.99N,27.69E
11/1/1987,11.345,0.199,أ‡orlu,Turkey,40.99N,27.69E
12/1/1987,5.883,0.231,أ‡orlu,Turkey,40.99N,27.69E
1/1/1988,6.451,0.287,أ‡orlu,Turkey,40.99N,27.69E
2/1/1988,5.217,0.204,أ‡orlu,Turkey,40.99N,27.69E
3/1/1988,7.953,0.295,أ‡orlu,Turkey,40.99N,27.69E
4/1/1988,10.641,0.312,أ‡orlu,Turkey,40.99N,27.69E
5/1/1988,16.029,0.339,أ‡orlu,Turkey,40.99N,27.69E
6/1/1988,20.974,0.389,أ‡orlu,Turkey,40.99N,27.69E
7/1/1988,24.541,0.37,أ‡orlu,Turkey,40.99N,27.69E
8/1/1988,23.573,0.338,أ‡orlu,Turkey,40.99N,27.69E
9/1/1988,19.754,0.136,أ‡orlu,Turkey,40.99N,27.69E
10/1/1988,13.663,0.263,أ‡orlu,Turkey,40.99N,27.69E
11/1/1988,6.421,0.153,أ‡orlu,Turkey,40.99N,27.69E
12/1/1988,5.708,0.177,أ‡orlu,Turkey,40.99N,27.69E
1/1/1989,3.3,0.353,أ‡orlu,Turkey,40.99N,27.69E
2/1/1989,6.158,0.387,أ‡orlu,Turkey,40.99N,27.69E
3/1/1989,9.488,0.249,أ‡orlu,Turkey,40.99N,27.69E
4/1/1989,14.917,0.311,أ‡orlu,Turkey,40.99N,27.69E
5/1/1989,15.602,0.441,أ‡orlu,Turkey,40.99N,27.69E
6/1/1989,19.592,0.233,أ‡orlu,Turkey,40.99N,27.69E
7/1/1989,22.254,0.659,أ‡orlu,Turkey,40.99N,27.69E
8/1/1989,23.348,0.538,أ‡orlu,Turkey,40.99N,27.69E
9/1/1989,19.649,0.292,أ‡orlu,Turkey,40.99N,27.69E
10/1/1989,13.757,0.331,أ‡orlu,Turkey,40.99N,27.69E
11/1/1989,9.077,0.213,أ‡orlu,Turkey,40.99N,27.69E
12/1/1989,6.113,0.103,أ‡orlu,Turkey,40.99N,27.69E
1/1/1990,3.477,0.515,أ‡orlu,Turkey,40.99N,27.69E
2/1/1990,6.354,0.441,أ‡orlu,Turkey,40.99N,27.69E
3/1/1990,9.255,0.259,أ‡orlu,Turkey,40.99N,27.69E
4/1/1990,12.533,0.275,أ‡orlu,Turkey,40.99N,27.69E
5/1/1990,15.497,0.347,أ‡orlu,Turkey,40.99N,27.69E
6/1/1990,20.209,0.384,أ‡orlu,Turkey,40.99N,27.69E
7/1/1990,23.185,0.391,أ‡orlu,Turkey,40.99N,27.69E
8/1/1990,22.936,0.327,أ‡orlu,Turkey,40.99N,27.69E
9/1/1990,18.645,0.212,أ‡orlu,Turkey,40.99N,27.69E
10/1/1990,15.145,0.224,أ‡orlu,Turkey,40.99N,27.69E
11/1/1990,13.495,0.371,أ‡orlu,Turkey,40.99N,27.69E
12/1/1990,8.098,0.345,أ‡orlu,Turkey,40.99N,27.69E
1/1/1991,4.319,0.226,أ‡orlu,Turkey,40.99N,27.69E
2/1/1991,4.147,0.259,أ‡orlu,Turkey,40.99N,27.69E
3/1/1991,6.533,0.62,أ‡orlu,Turkey,40.99N,27.69E
4/1/1991,10.693,0.17,أ‡orlu,Turkey,40.99N,27.69E
5/1/1991,14.97,0.19,أ‡orlu,Turkey,40.99N,27.69E
6/1/1991,20.536,0.39,أ‡orlu,Turkey,40.99N,27.69E
7/1/1991,22.917,0.299,أ‡orlu,Turkey,40.99N,27.69E
8/1/1991,23.103,0.212,أ‡orlu,Turkey,40.99N,27.69E
9/1/1991,19.316,0.272,أ‡orlu,Turkey,40.99N,27.69E
10/1/1991,15.012,0.268,أ‡orlu,Turkey,40.99N,27.69E
11/1/1991,10.634,0.282,أ‡orlu,Turkey,40.99N,27.69E
12/1/1991,2.744,0.365,أ‡orlu,Turkey,40.99N,27.69E
1/1/1992,3.563,0.737,أ‡orlu,Turkey,40.99N,27.69E
2/1/1992,2.85,0.402,أ‡orlu,Turkey,40.99N,27.69E
3/1/1992,6.93,0.437,أ‡orlu,Turkey,40.99N,27.69E
4/1/1992,11.577,0.305,أ‡orlu,Turkey,40.99N,27.69E
5/1/1992,14.75,0.228,أ‡orlu,Turkey,40.99N,27.69E
6/1/1992,20.51,0.238,أ‡orlu,Turkey,40.99N,27.69E
7/1/1992,21.534,0.288,أ‡orlu,Turkey,40.99N,27.69E
8/1/1992,24.625,0.302,أ‡orlu,Turkey,40.99N,27.69E
9/1/1992,19.128,0.385,أ‡orlu,Turkey,40.99N,27.69E
10/1/1992,17.421,0.206,أ‡orlu,Turkey,40.99N,27.69E
11/1/1992,10.332,0.424,أ‡orlu,Turkey,40.99N,27.69E
12/1/1992,4.066,0.393,أ‡orlu,Turkey,40.99N,27.69E
1/1/1993,3.387,0.189,أ‡orlu,Turkey,40.99N,27.69E
2/1/1993,2.433,0.227,أ‡orlu,Turkey,40.99N,27.69E
3/1/1993,6.24,0.201,أ‡orlu,Turkey,40.99N,27.69E
4/1/1993,11.289,0.32,أ‡orlu,Turkey,40.99N,27.69E
5/1/1993,15.831,0.207,أ‡orlu,Turkey,40.99N,27.69E
6/1/1993,20.67,0.269,أ‡orlu,Turkey,40.99N,27.69E
7/1/1993,22.27,0.166,أ‡orlu,Turkey,40.99N,27.69E
8/1/1993,23.14,0.229,أ‡orlu,Turkey,40.99N,27.69E
9/1/1993,19.511,0.258,أ‡orlu,Turkey,40.99N,27.69E
10/1/1993,16.757,0.338,أ‡orlu,Turkey,40.99N,27.69E
11/1/1993,8.154,0.452,أ‡orlu,Turkey,40.99N,27.69E
12/1/1993,8.207,0.367,أ‡orlu,Turkey,40.99N,27.69E
1/1/1994,6.988,0.259,أ‡orlu,Turkey,40.99N,27.69E
2/1/1994,5.302,0.302,أ‡orlu,Turkey,40.99N,27.69E
3/1/1994,8.576,0.381,أ‡orlu,Turkey,40.99N,27.69E
4/1/1994,13.529,0.37,أ‡orlu,Turkey,40.99N,27.69E
5/1/1994,17.541,0.492,أ‡orlu,Turkey,40.99N,27.69E
6/1/1994,20.35,0.443,أ‡orlu,Turkey,40.99N,27.69E
7/1/1994,23.907,0.323,أ‡orlu,Turkey,40.99N,27.69E
8/1/1994,24.298,0.283,أ‡orlu,Turkey,40.99N,27.69E
9/1/1994,23.327,0.257,أ‡orlu,Turkey,40.99N,27.69E
10/1/1994,16.907,0.193,أ‡orlu,Turkey,40.99N,27.69E
11/1/1994,9.103,0.189,أ‡orlu,Turkey,40.99N,27.69E
12/1/1994,5.688,0.175,أ‡orlu,Turkey,40.99N,27.69E
1/1/1995,5.075,0.317,أ‡orlu,Turkey,40.99N,27.69E
2/1/1995,7.599,0.367,أ‡orlu,Turkey,40.99N,27.69E
3/1/1995,8.408,0.148,أ‡orlu,Turkey,40.99N,27.69E
4/1/1995,11.315,0.153,أ‡orlu,Turkey,40.99N,27.69E
5/1/1995,16.696,0.206,أ‡orlu,Turkey,40.99N,27.69E
6/1/1995,22.482,0.315,أ‡orlu,Turkey,40.99N,27.69E
7/1/1995,23.464,0.245,أ‡orlu,Turkey,40.99N,27.69E
8/1/1995,23.011,0.249,أ‡orlu,Turkey,40.99N,27.69E
9/1/1995,19.911,0.232,أ‡orlu,Turkey,40.99N,27.69E
10/1/1995,13.763,0.212,أ‡orlu,Turkey,40.99N,27.69E
11/1/1995,7.586,0.206,أ‡orlu,Turkey,40.99N,27.69E
12/1/1995,6.93,0.235,أ‡orlu,Turkey,40.99N,27.69E
1/1/1996,3.254,0.302,أ‡orlu,Turkey,40.99N,27.69E
2/1/1996,4.118,0.177,أ‡orlu,Turkey,40.99N,27.69E
3/1/1996,4.222,0.274,أ‡orlu,Turkey,40.99N,27.69E
4/1/1996,9.814,0.292,أ‡orlu,Turkey,40.99N,27.69E
5/1/1996,18.642,0.249,أ‡orlu,Turkey,40.99N,27.69E
6/1/1996,21.016,0.419,أ‡orlu,Turkey,40.99N,27.69E
7/1/1996,23.293,0.412,أ‡orlu,Turkey,40.99N,27.69E
8/1/1996,23.248,0.152,أ‡orlu,Turkey,40.99N,27.69E
9/1/1996,18.685,0.296,أ‡orlu,Turkey,40.99N,27.69E
10/1/1996,13.862,0.3,أ‡orlu,Turkey,40.99N,27.69E
11/1/1996,11.585,0.525,أ‡orlu,Turkey,40.99N,27.69E
12/1/1996,8.584,0.311,أ‡orlu,Turkey,40.99N,27.69E
1/1/1997,5.505,0.44,أ‡orlu,Turkey,40.99N,27.69E
2/1/1997,4.766,0.253,أ‡orlu,Turkey,40.99N,27.69E
3/1/1997,5.891,0.384,أ‡orlu,Turkey,40.99N,27.69E
4/1/1997,8.641,0.137,أ‡orlu,Turkey,40.99N,27.69E
5/1/1997,17.114,0.643,أ‡orlu,Turkey,40.99N,27.69E
6/1/1997,21.224,0.446,أ‡orlu,Turkey,40.99N,27.69E
7/1/1997,23.33,0.25,أ‡orlu,Turkey,40.99N,27.69E
8/1/1997,21.407,0.187,أ‡orlu,Turkey,40.99N,27.69E
9/1/1997,17.597,0.356,أ‡orlu,Turkey,40.99N,27.69E
10/1/1997,13.577,0.34,أ‡orlu,Turkey,40.99N,27.69E
11/1/1997,10.772,0.154,أ‡orlu,Turkey,40.99N,27.69E
12/1/1997,6.751,0.215,أ‡orlu,Turkey,40.99N,27.69E
1/1/1998,5.324,0.208,أ‡orlu,Turkey,40.99N,27.69E
2/1/1998,6.091,0.268,أ‡orlu,Turkey,40.99N,27.69E
3/1/1998,5.743,0.263,أ‡orlu,Turkey,40.99N,27.69E
4/1/1998,13.712,0.591,أ‡orlu,Turkey,40.99N,27.69E
5/1/1998,16.555,0.107,أ‡orlu,Turkey,40.99N,27.69E
6/1/1998,21.854,0.302,أ‡orlu,Turkey,40.99N,27.69E
7/1/1998,23.974,0.163,أ‡orlu,Turkey,40.99N,27.69E
8/1/1998,24.707,0.104,أ‡orlu,Turkey,40.99N,27.69E
9/1/1998,19.534,0.248,أ‡orlu,Turkey,40.99N,27.69E
10/1/1998,16.059,0.184,أ‡orlu,Turkey,40.99N,27.69E
11/1/1998,10.513,0.305,أ‡orlu,Turkey,40.99N,27.69E
12/1/1998,4.593,0.489,أ‡orlu,Turkey,40.99N,27.69E
1/1/1999,5.534,0.393,أ‡orlu,Turkey,40.99N,27.69E
2/1/1999,5.25,0.415,أ‡orlu,Turkey,40.99N,27.69E
3/1/1999,8.409,0.148,أ‡orlu,Turkey,40.99N,27.69E
4/1/1999,13.333,0.157,أ‡orlu,Turkey,40.99N,27.69E
5/1/1999,17.242,0.272,أ‡orlu,Turkey,40.99N,27.69E
6/1/1999,22.097,0.208,أ‡orlu,Turkey,40.99N,27.69E
7/1/1999,24.879,0.398,أ‡orlu,Turkey,40.99N,27.69E
8/1/1999,24.444,0.33,أ‡orlu,Turkey,40.99N,27.69E
9/1/1999,20.602,0.364,أ‡orlu,Turkey,40.99N,27.69E
10/1/1999,16.111,0.202,أ‡orlu,Turkey,40.99N,27.69E
11/1/1999,10.718,0.126,أ‡orlu,Turkey,40.99N,27.69E
12/1/1999,9.145,0.391,أ‡orlu,Turkey,40.99N,27.69E
1/1/2000,2.103,0.371,أ‡orlu,Turkey,40.99N,27.69E
2/1/2000,5.691,0.247,أ‡orlu,Turkey,40.99N,27.69E
3/1/2000,7.236,0.312,أ‡orlu,Turkey,40.99N,27.69E
4/1/2000,14.052,0.182,أ‡orlu,Turkey,40.99N,27.69E
5/1/2000,16.821,0.389,أ‡orlu,Turkey,40.99N,27.69E
6/1/2000,20.86,0.381,أ‡orlu,Turkey,40.99N,27.69E
7/1/2000,24.591,0.778,أ‡orlu,Turkey,40.99N,27.69E
8/1/2000,23.911,0.179,أ‡orlu,Turkey,40.99N,27.69E
9/1/2000,20.107,0.184,أ‡orlu,Turkey,40.99N,27.69E
10/1/2000,14.761,0.245,أ‡orlu,Turkey,40.99N,27.69E
11/1/2000,12.714,0.272,أ‡orlu,Turkey,40.99N,27.69E
12/1/2000,8.201,0.334,أ‡orlu,Turkey,40.99N,27.69E
1/1/2001,7.201,0.28,أ‡orlu,Turkey,40.99N,27.69E
2/1/2001,7.011,0.382,أ‡orlu,Turkey,40.99N,27.69E
3/1/2001,12.168,0.216,أ‡orlu,Turkey,40.99N,27.69E
4/1/2001,12.502,0.219,أ‡orlu,Turkey,40.99N,27.69E
5/1/2001,16.751,0.159,أ‡orlu,Turkey,40.99N,27.69E
6/1/2001,21.068,0.187,أ‡orlu,Turkey,40.99N,27.69E
7/1/2001,25.401,0.371,أ‡orlu,Turkey,40.99N,27.69E
8/1/2001,25.087,0.264,أ‡orlu,Turkey,40.99N,27.69E
9/1/2001,20.995,0.268,أ‡orlu,Turkey,40.99N,27.69E
10/1/2001,16.374,0.211,أ‡orlu,Turkey,40.99N,27.69E
11/1/2001,9.924,0.28,أ‡orlu,Turkey,40.99N,27.69E
12/1/2001,2.616,0.422,أ‡orlu,Turkey,40.99N,27.69E
1/1/2002,3.372,0.387,أ‡orlu,Turkey,40.99N,27.69E
2/1/2002,8.374,0.5,أ‡orlu,Turkey,40.99N,27.69E
3/1/2002,9.38,0.252,أ‡orlu,Turkey,40.99N,27.69E
4/1/2002,10.943,0.266,أ‡orlu,Turkey,40.99N,27.69E
5/1/2002,16.994,0.26,أ‡orlu,Turkey,40.99N,27.69E
6/1/2002,22.081,0.191,أ‡orlu,Turkey,40.99N,27.69E
7/1/2002,25.375,0.34,أ‡orlu,Turkey,40.99N,27.69E
8/1/2002,23.741,0.329,أ‡orlu,Turkey,40.99N,27.69E
9/1/2002,19.827,0.251,أ‡orlu,Turkey,40.99N,27.69E
10/1/2002,15.558,0.55,أ‡orlu,Turkey,40.99N,27.69E
11/1/2002,11.923,0.573,أ‡orlu,Turkey,40.99N,27.69E
12/1/2002,5.03,0.328,أ‡orlu,Turkey,40.99N,27.69E
1/1/2003,6.948,0.204,أ‡orlu,Turkey,40.99N,27.69E
2/1/2003,1.226,0.337,أ‡orlu,Turkey,40.99N,27.69E
3/1/2003,4.684,0.185,أ‡orlu,Turkey,40.99N,27.69E
4/1/2003,9.286,0.36,أ‡orlu,Turkey,40.99N,27.69E
5/1/2003,18.23,0.307,أ‡orlu,Turkey,40.99N,27.69E
6/1/2003,22.662,0.323,أ‡orlu,Turkey,40.99N,27.69E
7/1/2003,24.132,0.403,أ‡orlu,Turkey,40.99N,27.69E
8/1/2003,25.155,0.647,أ‡orlu,Turkey,40.99N,27.69E
9/1/2003,19.245,0.385,أ‡orlu,Turkey,40.99N,27.69E
10/1/2003,15.7,0.488,أ‡orlu,Turkey,40.99N,27.69E
11/1/2003,10.507,0.217,أ‡orlu,Turkey,40.99N,27.69E
12/1/2003,6.277,0.204,أ‡orlu,Turkey,40.99N,27.69E
1/1/2004,4.044,0.291,أ‡orlu,Turkey,40.99N,27.69E
2/1/2004,5.433,0.353,أ‡orlu,Turkey,40.99N,27.69E
3/1/2004,8.524,0.247,أ‡orlu,Turkey,40.99N,27.69E
4/1/2004,12.1,0.317,أ‡orlu,Turkey,40.99N,27.69E
5/1/2004,16.169,0.246,أ‡orlu,Turkey,40.99N,27.69E
6/1/2004,21.006,0.293,أ‡orlu,Turkey,40.99N,27.69E
7/1/2004,23.048,0.3,أ‡orlu,Turkey,40.99N,27.69E
8/1/2004,23.044,0.133,أ‡orlu,Turkey,40.99N,27.69E
9/1/2004,20.378,0.183,أ‡orlu,Turkey,40.99N,27.69E
10/1/2004,16.926,0.389,أ‡orlu,Turkey,40.99N,27.69E
11/1/2004,11.363,0.137,أ‡orlu,Turkey,40.99N,27.69E
12/1/2004,7.635,0.294,أ‡orlu,Turkey,40.99N,27.69E
1/1/2005,6.017,0.231,أ‡orlu,Turkey,40.99N,27.69E
2/1/2005,4.633,0.242,أ‡orlu,Turkey,40.99N,27.69E
3/1/2005,7.453,0.529,أ‡orlu,Turkey,40.99N,27.69E
4/1/2005,12.344,0.384,أ‡orlu,Turkey,40.99N,27.69E
5/1/2005,17.037,0.259,أ‡orlu,Turkey,40.99N,27.69E
6/1/2005,20.19,0.193,أ‡orlu,Turkey,40.99N,27.69E
7/1/2005,23.865,0.334,أ‡orlu,Turkey,40.99N,27.69E
8/1/2005,24.442,0.42,أ‡orlu,Turkey,40.99N,27.69E
9/1/2005,20.597,0.576,أ‡orlu,Turkey,40.99N,27.69E
10/1/2005,14.293,0.183,أ‡orlu,Turkey,40.99N,27.69E
11/1/2005,9.747,0.161,أ‡orlu,Turkey,40.99N,27.69E
12/1/2005,7.453,0.166,أ‡orlu,Turkey,40.99N,27.69E
1/1/2006,2.463,0.266,أ‡orlu,Turkey,40.99N,27.69E
2/1/2006,4.366,0.282,أ‡orlu,Turkey,40.99N,27.69E
3/1/2006,8.176,0.173,أ‡orlu,Turkey,40.99N,27.69E
4/1/2006,12.514,0.322,أ‡orlu,Turkey,40.99N,27.69E
5/1/2006,17.097,0.266,أ‡orlu,Turkey,40.99N,27.69E
6/1/2006,21.301,0.183,أ‡orlu,Turkey,40.99N,27.69E
7/1/2006,23.2,0.281,أ‡orlu,Turkey,40.99N,27.69E
8/1/2006,25.392,0.277,أ‡orlu,Turkey,40.99N,27.69E
9/1/2006,19.994,0.306,أ‡orlu,Turkey,40.99N,27.69E
10/1/2006,15.765,0.17,أ‡orlu,Turkey,40.99N,27.69E
11/1/2006,9.437,0.217,أ‡orlu,Turkey,40.99N,27.69E
12/1/2006,6.058,0.404,أ‡orlu,Turkey,40.99N,27.69E
1/1/2007,7.513,0.226,أ‡orlu,Turkey,40.99N,27.69E
2/1/2007,6.632,0.234,أ‡orlu,Turkey,40.99N,27.69E
3/1/2007,8.793,0.231,أ‡orlu,Turkey,40.99N,27.69E
4/1/2007,11.064,0.454,أ‡orlu,Turkey,40.99N,27.69E
5/1/2007,18.483,0.167,أ‡orlu,Turkey,40.99N,27.69E
6/1/2007,23.727,0.201,أ‡orlu,Turkey,40.99N,27.69E
7/1/2007,25.447,0.261,أ‡orlu,Turkey,40.99N,27.69E
8/1/2007,25.31,0.105,أ‡orlu,Turkey,40.99N,27.69E
9/1/2007,19.699,0.299,أ‡orlu,Turkey,40.99N,27.69E
10/1/2007,16.163,0.289,أ‡orlu,Turkey,40.99N,27.69E
11/1/2007,9.816,0.195,أ‡orlu,Turkey,40.99N,27.69E
12/1/2007,5.319,0.376,أ‡orlu,Turkey,40.99N,27.69E
1/1/2008,3.045,0.456,أ‡orlu,Turkey,40.99N,27.69E
2/1/2008,4.899,0.18,أ‡orlu,Turkey,40.99N,27.69E
3/1/2008,10.758,0.158,أ‡orlu,Turkey,40.99N,27.69E
4/1/2008,13.737,0.162,أ‡orlu,Turkey,40.99N,27.69E
5/1/2008,17.028,0.132,أ‡orlu,Turkey,40.99N,27.69E
6/1/2008,22.186,0.249,أ‡orlu,Turkey,40.99N,27.69E
7/1/2008,23.879,0.135,أ‡orlu,Turkey,40.99N,27.69E
8/1/2008,25.111,0.233,أ‡orlu,Turkey,40.99N,27.69E
9/1/2008,19.859,0.302,أ‡orlu,Turkey,40.99N,27.69E
10/1/2008,15.767,0.215,أ‡orlu,Turkey,40.99N,27.69E
11/1/2008,12.025,0.118,أ‡orlu,Turkey,40.99N,27.69E
12/1/2008,7.673,0.312,أ‡orlu,Turkey,40.99N,27.69E
1/1/2009,5.7,0.484,أ‡orlu,Turkey,40.99N,27.69E
2/1/2009,6.131,0.187,أ‡orlu,Turkey,40.99N,27.69E
3/1/2009,7.819,0.156,أ‡orlu,Turkey,40.99N,27.69E
4/1/2009,11.458,0.482,أ‡orlu,Turkey,40.99N,27.69E
5/1/2009,17.593,0.288,أ‡orlu,Turkey,40.99N,27.69E
6/1/2009,22.05,0.144,أ‡orlu,Turkey,40.99N,27.69E
7/1/2009,24.635,0.451,أ‡orlu,Turkey,40.99N,27.69E
8/1/2009,23.756,0.29,أ‡orlu,Turkey,40.99N,27.69E
9/1/2009,19.769,0.213,أ‡orlu,Turkey,40.99N,27.69E
10/1/2009,16.595,0.159,أ‡orlu,Turkey,40.99N,27.69E
11/1/2009,11.399,0.253,أ‡orlu,Turkey,40.99N,27.69E
12/1/2009,9.117,0.347,أ‡orlu,Turkey,40.99N,27.69E
1/1/2010,4.876,0.218,أ‡orlu,Turkey,40.99N,27.69E
2/1/2010,7.419,0.446,أ‡orlu,Turkey,40.99N,27.69E
3/1/2010,8.118,0.255,أ‡orlu,Turkey,40.99N,27.69E
4/1/2010,12.618,0.369,أ‡orlu,Turkey,40.99N,27.69E
5/1/2010,18.169,0.542,أ‡orlu,Turkey,40.99N,27.69E
6/1/2010,21.719,0.375,أ‡orlu,Turkey,40.99N,27.69E
7/1/2010,24.444,0.489,أ‡orlu,Turkey,40.99N,27.69E
8/1/2010,26.774,0.322,أ‡orlu,Turkey,40.99N,27.69E
9/1/2010,21,0.211,أ‡orlu,Turkey,40.99N,27.69E
10/1/2010,14.146,0.325,أ‡orlu,Turkey,40.99N,27.69E
11/1/2010,14.947,0.237,أ‡orlu,Turkey,40.99N,27.69E
12/1/2010,8.589,0.37,أ‡orlu,Turkey,40.99N,27.69E
1/1/2011,4.765,0.458,أ‡orlu,Turkey,40.99N,27.69E
2/1/2011,4.562,0.358,أ‡orlu,Turkey,40.99N,27.69E
3/1/2011,7.204,0.37,أ‡orlu,Turkey,40.99N,27.69E
4/1/2011,9.971,0.245,أ‡orlu,Turkey,40.99N,27.69E
5/1/2011,16.094,0.316,أ‡orlu,Turkey,40.99N,27.69E
6/1/2011,21.165,0.398,أ‡orlu,Turkey,40.99N,27.69E
7/1/2011,24.892,0.355,أ‡orlu,Turkey,40.99N,27.69E
8/1/2011,23.634,0.386,أ‡orlu,Turkey,40.99N,27.69E
9/1/2011,21.967,0.488,أ‡orlu,Turkey,40.99N,27.69E
10/1/2011,13.406,0.204,أ‡orlu,Turkey,40.99N,27.69E
11/1/2011,7.857,0.46,أ‡orlu,Turkey,40.99N,27.69E
12/1/2011,7.413,0.418,أ‡orlu,Turkey,40.99N,27.69E
1/1/2012,3.011,0.326,أ‡orlu,Turkey,40.99N,27.69E
2/1/2012,2.476,0.692,أ‡orlu,Turkey,40.99N,27.69E
3/1/2012,7.313,0.277,أ‡orlu,Turkey,40.99N,27.69E
4/1/2012,13.861,0.587,أ‡orlu,Turkey,40.99N,27.69E
5/1/2012,17.459,0.234,أ‡orlu,Turkey,40.99N,27.69E
6/1/2012,23.161,0.341,أ‡orlu,Turkey,40.99N,27.69E
7/1/2012,26.295,0.282,أ‡orlu,Turkey,40.99N,27.69E
8/1/2012,25.206,0.364,أ‡orlu,Turkey,40.99N,27.69E
9/1/2012,21.748,0.639,أ‡orlu,Turkey,40.99N,27.69E
10/1/2012,18.487,0.442,أ‡orlu,Turkey,40.99N,27.69E
11/1/2012,13.084,0.364,أ‡orlu,Turkey,40.99N,27.69E
12/1/2012,6.143,0.479,أ‡orlu,Turkey,40.99N,27.69E
1/1/2013,6.021,0.465,أ‡orlu,Turkey,40.99N,27.69E
2/1/2013,7.478,0.654,أ‡orlu,Turkey,40.99N,27.69E
3/1/2013,9.346,0.635,أ‡orlu,Turkey,40.99N,27.69E
4/1/2013,13.163,0.591,أ‡orlu,Turkey,40.99N,27.69E
5/1/2013,19.443,0.408,أ‡orlu,Turkey,40.99N,27.69E
6/1/2013,21.758,0.424,أ‡orlu,Turkey,40.99N,27.69E
7/1/2013,23.92,0.433,أ‡orlu,Turkey,40.99N,27.69E
8/1/2013,25.246,0.375,أ‡orlu,Turkey,40.99N,27.69E
9/1/2013,,,أ‡orlu,Turkey,40.99N,27.69E
1753-01-01,-1.548,4.951,أ‡orum,Turkey,40.99N,34.08E
1753-02-01,-0.906,2.882,أ‡orum,Turkey,40.99N,34.08E
1753-03-01,5.915,3.017,أ‡orum,Turkey,40.99N,34.08E
1753-04-01,9.325,4.513,أ‡orum,Turkey,40.99N,34.08E
1753-05-01,14.675,2.067,أ‡orum,Turkey,40.99N,34.08E
1753-06-01,19.147,2.196,أ‡orum,Turkey,40.99N,34.08E
1753-07-01,20.962,1.951,أ‡orum,Turkey,40.99N,34.08E
1753-08-01,19.939,4.53,أ‡orum,Turkey,40.99N,34.08E
1753-09-01,16.392,1.892,أ‡orum,Turkey,40.99N,34.08E
1753-10-01,11.223,2.154,أ‡orum,Turkey,40.99N,34.08E
1753-11-01,5.145,2.817,أ‡orum,Turkey,40.99N,34.08E
1753-12-01,-2.078,3.137,أ‡orum,Turkey,40.99N,34.08E
1754-01-01,-1.908,2.781,أ‡orum,Turkey,40.99N,34.08E
1754-02-01,-2.942,3.407,أ‡orum,Turkey,40.99N,34.08E
1754-03-01,3.849,3.024,أ‡orum,Turkey,40.99N,34.08E
1754-04-01,12.545,4.602,أ‡orum,Turkey,40.99N,34.08E
1754-05-01,14.572,2.669,أ‡orum,Turkey,40.99N,34.08E
1754-06-01,19,1.676,أ‡orum,Turkey,40.99N,34.08E
1754-07-01,20.526,2.215,أ‡orum,Turkey,40.99N,34.08E
1754-08-01,19.513,3.21,أ‡orum,Turkey,40.99N,34.08E
1754-09-01,15.564,2.555,أ‡orum,Turkey,40.99N,34.08E
1754-10-01,11.995,2.341,أ‡orum,Turkey,40.99N,34.08E
1754-11-01,6.219,2.319,أ‡orum,Turkey,40.99N,34.08E
1754-12-01,1.868,2.679,أ‡orum,Turkey,40.99N,34.08E
1755-01-01,-3.099,3.95,أ‡orum,Turkey,40.99N,34.08E
1755-02-01,-2.139,3.631,أ‡orum,Turkey,40.99N,34.08E
1755-03-01,4.288,3.398,أ‡orum,Turkey,40.99N,34.08E
1755-04-01,10.688,3.156,أ‡orum,Turkey,40.99N,34.08E
1755-05-01,15.363,2.533,أ‡orum,Turkey,40.99N,34.08E
1755-06-01,20.123,2.579,أ‡orum,Turkey,40.99N,34.08E
1755-07-01,20.758,1.978,أ‡orum,Turkey,40.99N,34.08E
1755-08-01,19.377,2.484,أ‡orum,Turkey,40.99N,34.08E
1755-09-01,16.155,1.877,أ‡orum,Turkey,40.99N,34.08E
1755-10-01,10.665,4.832,أ‡orum,Turkey,40.99N,34.08E
1755-11-01,5.985,4.819,أ‡orum,Turkey,40.99N,34.08E
1755-12-01,-0.132,5.133,أ‡orum,Turkey,40.99N,34.08E
1756-01-01,0.882,3.932,أ‡orum,Turkey,40.99N,34.08E
1756-02-01,4.255,3.433,أ‡orum,Turkey,40.99N,34.08E
1756-03-01,4.956,4.724,أ‡orum,Turkey,40.99N,34.08E
1756-04-01,11.307,2.351,أ‡orum,Turkey,40.99N,34.08E
1756-05-01,15.972,4.143,أ‡orum,Turkey,40.99N,34.08E
1756-06-01,19.569,2.538,أ‡orum,Turkey,40.99N,34.08E
1756-07-01,20.424,1.983,أ‡orum,Turkey,40.99N,34.08E
1756-08-01,19.213,5.761,أ‡orum,Turkey,40.99N,34.08E
1756-09-01,17.124,2.618,أ‡orum,Turkey,40.99N,34.08E
1756-10-01,9.853,2.811,أ‡orum,Turkey,40.99N,34.08E
1756-11-01,4.124,3.248,أ‡orum,Turkey,40.99N,34.08E
1756-12-01,-0.95,2.628,أ‡orum,Turkey,40.99N,34.08E
1757-01-01,-3.306,2.646,أ‡orum,Turkey,40.99N,34.08E
1757-02-01,2.606,3.451,أ‡orum,Turkey,40.99N,34.08E
1757-03-01,5.21,3.108,أ‡orum,Turkey,40.99N,34.08E
1757-04-01,9.684,4.279,أ‡orum,Turkey,40.99N,34.08E
1757-05-01,15.491,2.786,أ‡orum,Turkey,40.99N,34.08E
1757-06-01,21.857,2.732,أ‡orum,Turkey,40.99N,34.08E
1757-07-01,24.042,4.061,أ‡orum,Turkey,40.99N,34.08E
1757-08-01,21.225,3.059,أ‡orum,Turkey,40.99N,34.08E
1757-09-01,18.003,5.175,أ‡orum,Turkey,40.99N,34.08E
1757-10-01,8.075,6.799,أ‡orum,Turkey,40.99N,34.08E
1757-11-01,4.029,3.715,أ‡orum,Turkey,40.99N,34.08E
1757-12-01,-2.133,6.538,أ‡orum,Turkey,40.99N,34.08E
1758-01-01,-5.433,2.631,أ‡orum,Turkey,40.99N,34.08E
1758-02-01,-0.641,2.968,أ‡orum,Turkey,40.99N,34.08E
1758-03-01,4.073,3.496,أ‡orum,Turkey,40.99N,34.08E
1758-04-01,8.249,5.257,أ‡orum,Turkey,40.99N,34.08E
1758-05-01,12.139,3.63,أ‡orum,Turkey,40.99N,34.08E
1758-06-01,17.823,3.529,أ‡orum,Turkey,40.99N,34.08E
1758-07-01,19.945,5.113,أ‡orum,Turkey,40.99N,34.08E
1758-08-01,17.991,4.221,أ‡orum,Turkey,40.99N,34.08E
1758-09-01,14.166,2.51,أ‡orum,Turkey,40.99N,34.08E
1758-10-01,6.497,7.075,أ‡orum,Turkey,40.99N,34.08E
1758-11-01,5.809,5.734,أ‡orum,Turkey,40.99N,34.08E
1758-12-01,0.646,4.375,أ‡orum,Turkey,40.99N,34.08E
1759-01-01,1.624,4.694,أ‡orum,Turkey,40.99N,34.08E
1759-02-01,2.033,5.186,أ‡orum,Turkey,40.99N,34.08E
1759-03-01,4.644,3.084,أ‡orum,Turkey,40.99N,34.08E
1759-04-01,7.217,4.026,أ‡orum,Turkey,40.99N,34.08E
1759-05-01,12.569,2.605,أ‡orum,Turkey,40.99N,34.08E
1759-06-01,18.09,3.853,أ‡orum,Turkey,40.99N,34.08E
1759-07-01,19.009,3.133,أ‡orum,Turkey,40.99N,34.08E
